Model Name,Original Question,GT Answer,Probe LLM,Probe Question,Probe Answer,Probe Accuracy,Robustness Score
TheBloke/Llama-2-7B-Chat-GGML,"I have started to get lots of acne on my face, particularly on my forehead. Please help me.",,TheBloke/Mistral-7B-Instruct-v0.1-GGUF,How can I get rid of this acne on my face?,"Acne can be treated with topical retinoids, antibiotics, oral antibiotics, or laser therapy. The best treatment depends on the severity and location of the acne, as well as any underlying conditions that may be contributing to the problem. It is important to consult a dermatologist for proper evaluation and treatment.",0.750,57
,,,,What causes acne on the forehead in adults?,"Acne on the forehead in adults can be caused by a variety of factors, including hormonal imbalances, stress, and certain medications. The excess oil production and clogged pores on the forehead can lead to inflammation and pimple formation. In some cases, acne on the forehead may also be a sign of an underlying medical condition, such as polycystic ovary syndrome (PCOS) or Cushing's syndrome.",1.000,
,,,,Is it possible to have acne only on one side of the face?,"Yes, it is possible to have acne only on one side of the face. This condition is known as unilateral acne or facial asymmetry. The cause of this condition can vary, including hormonal imbalances, genetic predisposition, and skin irritation from makeup or skincare products. Treatment options include topical medications and light therapies that can help to reduce the appearance of acne on the affected side of the face.",0.750,
,,,TheBloke/zephyr-7B-beta-GGUF,What causes facial acne?,"Facial acne is caused by a combination of factors, including hormonal imbalances, clogged pores, bacteria, and stress. Hormones, such as testosterone and estrogen, can increase the activity of sebaceous glands, leading to an increase in oil production and clogged pores. Additionally, bacteria on the skin can contribute to inflammation and cause breakouts. Stress, including psychological factors like anxiety or depression, can also trigger acne.",1.000,55
,,,,Can you tell me if I should start using an overnight treatment to clear up my face?,"Yes, if you are experiencing persistent acne on your face, an overnight treatment may be beneficial in helping to clear it up. Overnight treatments can provide a longer duration of active ingredients, allowing for more effective and consistent results.",0.750,
,,,,Does stress trigger acne on the face?,"Stress can contribute to the development of acne on the face by increasing the body's production of hormones such as cortisol and adrenaline, which can stimulate the oil glands in the skin and lead to clogged pores. However, it is important to note that stress alone does not directly cause acne; other factors such as genetics, hormonal imbalances, and bacterial infections also play a role in its development.",0.750,
,Why do I have uncomfortable feeling between the middle of my spine and left shoulder blade?,,TheBloke/Mistral-7B-Instruct-v0.1-GGUF,What are the reasons I experience this uncomfortable feeling between my spine and left shoulder blade?,"The uncomfortable feeling you're experiencing between your spine and left shoulder blade could be due to various factors, including muscle imbalances, poor posture, or underlying conditions such as a pinched nerve or inflammation in the surrounding tissues. It is essential to consult with a healthcare professional for proper evaluation and treatment to address any underlying causes.",1.000,71
,,,,Can you explain why I have an uncomfortable sensation near the middle of my spine and left shoulder blade?,"The uncomfortable sensation near the middle of your spine and left shoulder blade could be due to a muscle strain or imbalance in your back muscles, causing inflammation or irritation of the surrounding nerves. It is also possible that you have a herniated disk in your spine that is putting pressure on the surrounding nerves, leading to discomfort and pain. Further evaluation by a medical professional is necessary to determine the underlying cause and develop an appropriate treatment plan.",1.000,
,,,,How does the uncomfortable sensation in that spot affect my overall well-being?,"The uncomfortable sensation in the spot you are referring to can potentially indicate an underlying health issue, such as nerve damage or a musculoskeletal problem. It is important to consult with a medical professional for proper evaluation and treatment. Neglecting this discomfort could lead to chronic pain, limited mobility, and decreased quality of life.",1.000,
,,,TheBloke/zephyr-7B-beta-GGUF,What can I do to alleviate the discomfort in the space between my spine and left shoulder blade?,"The discomfort in the space between your spine and left shoulder blade may be caused by muscle imbalances or poor posture. To alleviate this discomfort, try engaging in regular exercises that strengthen the muscles in your upper back, such as shoulder blade squeezes and chin tucks. Additionally, practicing good posture can help reduce strain on these muscles and alleviate discomfort.",1.000,48
,,,,How does a chiropractor assess and treat the underlying cause of discomfort in this area?,"A chiropractor will first perform an initial examination to determine the root cause of the discomfort, which may involve taking a patient's history, performing a physical examination, and reviewing any diagnostic imaging, such as X-rays or MRI scans. Once the underlying cause has been identified, the chiropractor will develop a personalized treatment plan that may include spinal adjustments, manipulation of joints, electrical stimulation, exercise prescriptions, and other interventions to help alleviate the discomfort. Throughout the treatment process, the chiropractor will closely monitor and assess the effectiveness of these interventions and make any necessary adjustments to ensure optimal results.",1.000,
,,,,"Is there a connection between the discomfort between my spine and left shoulder blade and poor posture, as I often feel the need to slouch due to fatigue or stress?","Yes, there is a connection between the discomfort in the muscles along your spine and left shoulder blade and poor posture. When you slouch due to fatigue or stress, it can lead to muscle imbalances and misalignment of the spine, which can cause tension and discomfort in the affected areas. Good posture is essential for maintaining proper musculoskeletal alignment and reducing the risk of musculoskeletal pain.",0.750,
